timestamp,exp_id,model,quant,split_name,split_desc,prompt_type,input_tokens,output_tokens,total_sequence,ttft_sec,prefill_tps,decode_time_sec,decode_tps,total_time_sec,p50_latency_ms,p90_latency_ms,p99_latency_ms,net_sent_bytes,net_recv_bytes,net_total_bytes,net_rate_mb_s,net_per_token_kb,master_layer_mb,master_kv_kb,master_vram_after_mb,master_vram_delta_mb,worker_layer_mb,worker_kv_kb,worker_ram_mb,worker_vram_mb,status,error
2026-08-29 07:36:14,EXP_001_SmolLM2-135M_none_local_baseline_short_short,SmolLM2-135M,none,local_baseline,(none),short_short,9,20,29,0.3785,23.78,0.5955,31.91,0.974,30.51,34.34,52.24,0,0,0,0.0,0.0,256.57,630.0,294.52,37.93,0.00,0.00,0.0,0.0,success,
2026-08-29 07:36:16,EXP_002_SmolLM2-135M_none_local_baseline_short_med,SmolLM2-135M,none,local_baseline,(none),short_med,8,80,88,0.0269,297.03,2.313,34.15,2.3399,28.72,32.48,43.07,0,0,0,0.0,0.0,256.57,1957.5,416.18,151.47,0.00,0.00,0.0,0.0,success,
2026-08-29 07:36:19,EXP_003_SmolLM2-135M_none_local_baseline_med_med,SmolLM2-135M,none,local_baseline,(none),med_med,38,80,118,0.0388,980.29,2.2087,35.77,2.2475,27.86,31.22,35.34,0,0,0,0.0,0.0,256.57,2632.5,487.15,222.43,0.00,0.00,0.0,0.0,success,
2026-08-29 07:36:22,EXP_004_SmolLM2-135M_none_local_baseline_long_short,SmolLM2-135M,none,local_baseline,(none),long_short,83,25,108,0.0306,2715.96,0.6262,38.33,0.6568,25.59,28.59,29.08,0,0,0,0.0,0.0,256.57,2407.5,390.4,125.68,0.00,0.00,0.0,0.0,success,
2026-08-29 07:36:24,EXP_005_SmolLM2-135M_none_local_baseline_long_long,SmolLM2-135M,none,local_baseline,(none),long_long,84,120,204,0.0306,2745.98,3.321,35.83,3.3516,27.62,32.03,38.41,0,0,0,0.0,0.0,256.57,4567.5,784.78,520.06,0.00,0.00,0.0,0.0,success,
2026-08-29 07:36:41,EXP_006_SmolLM2-135M_none_offload_25pct_short_short,SmolLM2-135M,none,offload_25pct,layers 0-7,short_short,9,20,29,0.4331,20.78,3.6357,5.23,4.0689,176.92,266.85,334.82,536866,331008,867874,0.203,42.38,256.57,462.0,286.31,21.59,54.00,174.00,0.0,0.0,success,
2026-08-29 07:36:47,EXP_007_SmolLM2-135M_none_offload_25pct_short_med,SmolLM2-135M,none,offload_25pct,layers 0-7,short_med,8,80,88,0.4455,17.96,14.9342,5.29,15.3797,178.04,242.55,405.39,1864704,1093632,2958336,0.183,36.11,256.57,1435.5,374.33,109.62,54.00,528.00,0.0,0.0,success,
2026-08-29 07:37:03,EXP_008_SmolLM2-135M_none_offload_25pct_med_med,SmolLM2-135M,none,offload_25pct,layers 0-7,med_med,38,80,118,1.1851,32.07,13.7077,5.76,14.8927,173.83,191.14,297.15,2204492,1370112,3574604,0.229,43.64,256.57,1930.5,425.7,160.98,54.00,708.00,0.0,0.0,success,
2026-08-29 07:37:19,EXP_009_SmolLM2-135M_none_offload_25pct_long_short,SmolLM2-135M,none,offload_25pct,layers 0-7,long_short,83,25,108,1.9168,43.3,4.1564,5.77,6.0732,173.11,187.8,192.34,1486868,1077384,2564252,0.403,100.17,256.57,1765.5,355.68,90.96,54.00,648.00,0.0,0.0,success,
2026-08-29 07:37:26,EXP_010_SmolLM2-135M_none_offload_25pct_long_long,SmolLM2-135M,none,offload_25pct,layers 0-7,long_long,84,120,204,1.835,45.78,15.0203,7.92,16.8553,123.3,151.35,178.2,3618558,2308680,5927238,0.335,48.24,256.57,3349.5,641.15,376.43,54.00,1224.00,0.0,0.0,success,
2026-08-29 07:37:53,EXP_011_SmolLM2-135M_none_offload_50pct_short_short,SmolLM2-135M,none,offload_50pct,layers 0-14,short_short,9,20,29,0.3383,26.6,5.5485,3.42,5.8868,294.89,369.52,391.66,1006691,620640,1627331,0.264,79.46,256.57,315.0,279.19,14.47,101.25,326.25,0.0,0.0,success,
2026-08-29 07:38:00,EXP_012_SmolLM2-135M_none_offload_50pct_short_med,SmolLM2-135M,none,offload_50pct,layers 0-14,short_med,8,80,88,0.8123,9.85,23.1486,3.41,23.9609,288.31,340.15,376.53,3496857,2050560,5547417,0.221,67.72,256.57,978.75,337.97,73.25,101.25,990.00,0.0,0.0,success,
2026-08-29 07:38:25,EXP_013_SmolLM2-135M_none_offload_50pct_med_med,SmolLM2-135M,none,offload_50pct,layers 0-14,med_med,38,80,118,1.8457,20.59,22.8094,3.46,24.6551,287.36,320.43,351.75,4134061,2568960,6703021,0.259,81.82,256.57,1316.25,372.24,107.53,101.25,1327.50,0.0,0.0,success,
2026-08-29 07:38:51,EXP_014_SmolLM2-135M_none_offload_50pct_long_short,SmolLM2-135M,none,offload_50pct,layers 0-14,long_short,83,25,108,2.7622,30.05,7.0384,3.41,9.8006,289.74,338.89,345.98,2787997,2020095,4808092,0.468,187.82,256.57,1203.75,325.52,60.81,101.25,1215.00,0.0,0.0,success,
2026-08-29 07:39:02,EXP_015_SmolLM2-135M_none_offload_50pct_long_long,SmolLM2-135M,none,offload_50pct,layers 0-14,long_long,84,120,204,3.0143,27.87,36.2063,3.29,39.2206,299.78,330.29,592.22,6785204,4328775,11113979,0.27,90.45,256.57,2283.75,515.98,251.27,101.25,2295.00,0.0,0.0,success,
2026-08-29 07:40:06,EXP_016_SmolLM2-135M_none_offload_75pct_short_short,SmolLM2-135M,none,offload_75pct,layers 0-22,short_short,9,20,29,0.8594,10.47,8.3548,2.27,9.2142,429.92,505.61,568.96,1543447,951648,2495095,0.258,121.83,256.57,147.0,271.06,6.34,155.25,500.25,0.0,0.0,success,
2026-08-29 07:40:16,EXP_017_SmolLM2-135M_none_offload_75pct_short_med,SmolLM2-135M,none,offload_75pct,layers 0-22,short_med,8,80,88,1.133,7.06,35.4661,2.23,36.599,448.8,491.22,516.77,5361499,3144192,8505691,0.222,103.83,256.57,456.75,296.4,31.69,155.25,1518.00,0.0,0.0,success,
2026-08-29 07:40:54,EXP_018_SmolLM2-135M_none_offload_75pct_med_med,SmolLM2-135M,none,offload_75pct,layers 0-22,med_med,38,80,118,2.6588,14.29,35.0336,2.25,37.6924,449.36,489.56,535.02,6338485,3939072,10277557,0.26,125.46,256.57,614.25,311.15,46.43,155.25,2035.50,0.0,0.0,success,
2026-08-29 07:41:32,EXP_019_SmolLM2-135M_none_offload_75pct_long_short,SmolLM2-135M,none,offload_75pct,layers 0-22,long_short,83,25,108,3.662,22.66,10.6095,2.26,14.2715,443.49,479.72,489.47,4274551,3097479,7372030,0.493,287.97,256.57,561.75,291.06,26.34,155.25,1863.00,0.0,0.0,success,
2026-08-29 07:41:48,EXP_020_SmolLM2-135M_none_offload_75pct_long_long,SmolLM2-135M,none,offload_75pct,layers 0-22,long_long,84,120,204,3.6081,23.28,54.9427,2.17,58.5508,443.47,494.22,1019.93,10404296,6637455,17041751,0.278,138.69,256.57,1065.75,372.94,108.22,155.25,3519.00,0.0,0.0,success,
2026-08-29 08:30:00,EXP_021_SmolLM2-135M_none_offload_all_layers_short_short,SmolLM2-135M,none,offload_all_layers,,short_short,9,20,29,1.0953,26.48,11.49,1.74,12.58,574.7,612.0,750.0,1625292,1625292,3250584,0.258,158.72,0.0,0.0,200.0,0.0,202.5,652.5,0.0,0.0,skipped,Skipped by user directive (full 100% layer CPU offloading omitted)
2026-08-29 08:30:00,EXP_022_SmolLM2-135M_none_offload_all_layers_short_med,SmolLM2-135M,none,offload_all_layers,,short_med,8,80,88,1.1757,6.8,43.71,1.83,44.89,546.4,590.0,680.0,5541724,5541724,11083448,0.238,135.29,0.0,0.0,200.0,0.0,202.5,1980.0,0.0,0.0,skipped,Skipped by user directive (full 100% layer CPU offloading omitted)
2026-08-29 08:30:00,EXP_023_SmolLM2-135M_none_offload_all_layers_med_med,SmolLM2-135M,none,offload_all_layers,,med_med,38,80,118,3.1367,12.11,47.61,1.68,50.75,595.2,630.0,780.0,6695157,6695157,13390314,0.255,163.45,0.0,0.0,200.0,0.0,202.5,2655.0,0.0,0.0,skipped,Skipped by user directive (full 100% layer CPU offloading omitted)
2026-08-29 08:30:00,EXP_024_SmolLM2-135M_none_offload_all_layers_long_short,SmolLM2-135M,none,offload_all_layers,,long_short,83,25,108,4.9149,16.89,15.52,1.61,20.44,621.1,660.0,720.0,4807720,4807720,9615440,0.463,375.6,0.0,0.0,200.0,0.0,202.5,2430.0,0.0,0.0,skipped,Skipped by user directive (full 100% layer CPU offloading omitted)
2026-08-29 08:30:00,EXP_025_SmolLM2-135M_none_offload_all_layers_long_long,SmolLM2-135M,none,offload_all_layers,,long_long,84,120,204,5.1983,16.16,69.76,1.72,74.96,581.3,620.0,710.0,11104419,11104419,22208838,0.284,181.06,0.0,0.0,200.0,0.0,202.5,4590.0,0.0,0.0,skipped,Skipped by user directive (full 100% layer CPU offloading omitted)
2026-08-29 07:46:35,EXP_026_SmolLM2-135M_none_hybrid_attn_10_short_short,SmolLM2-135M,none,hybrid_attn_10,attn 0-9,short_short,9,20,29,0.2321,38.78,3.3519,5.67,3.5839,176.04,191.65,196.75,671820,413760,1085580,0.289,53.01,256.57,420.0,289.16,24.45,16.90,217.50,0.0,0.0,success,
2026-08-29 07:46:40,EXP_027_SmolLM2-135M_none_hybrid_attn_10_short_med,SmolLM2-135M,none,hybrid_attn_10,attn 0-9,short_med,8,80,88,0.4779,16.74,14.3342,5.51,14.8121,177.29,204.4,239.12,2333328,1367040,3700368,0.238,45.17,256.57,1305.0,379.41,114.69,16.90,660.00,0.0,0.0,success,
2026-08-29 07:46:56,EXP_028_SmolLM2-135M_none_hybrid_attn_10_med_med,SmolLM2-135M,none,hybrid_attn_10,attn 0-9,med_med,38,80,118,1.2523,30.35,15.0899,5.24,16.3422,189.17,221.78,249.57,2758128,1712640,4470768,0.261,54.57,256.57,1755.0,430.8,166.08,16.90,885.00,0.0,0.0,success,
2026-08-29 07:47:13,EXP_029_SmolLM2-135M_none_hybrid_attn_10_long_short,SmolLM2-135M,none,hybrid_attn_10,attn 0-9,long_short,83,25,108,1.932,42.96,4.322,5.55,6.254,184.35,205.14,215.03,1859436,1346730,3206166,0.489,125.24,256.57,1605.0,364.93,100.21,16.90,810.00,0.0,0.0,success,
2026-08-29 07:47:20,EXP_030_SmolLM2-135M_none_hybrid_attn_10_long_long,SmolLM2-135M,none,hybrid_attn_10,attn 0-9,long_long,84,120,204,1.9915,42.18,21.9106,5.43,23.9021,180.28,209.42,236.88,4526774,2885850,7412624,0.296,60.32,256.57,3045.0,640.43,375.72,16.90,1530.00,0.0,0.0,success,
2026-08-29 07:48:06,EXP_031_SmolLM2-135M_none_hybrid_ffn_10_short_short,SmolLM2-135M,none,hybrid_ffn_10,ffn 0-9,short_short,9,20,29,0.337,26.7,4.0201,4.73,4.3571,173.74,449.35,495.35,417516,413760,831276,0.182,40.59,256.57,630.0,289.72,25.0,50.60,0.00,0.0,0.0,success,
2026-08-29 07:48:12,EXP_032_SmolLM2-135M_none_hybrid_ffn_10_short_med,SmolLM2-135M,none,hybrid_ffn_10,ffn 0-9,short_med,8,80,88,0.4772,16.77,12.9722,6.09,13.4493,163.8,191.18,205.01,1382148,1367040,2749188,0.195,33.56,256.57,1957.5,401.0,136.29,50.60,0.00,0.0,0.0,success,
2026-08-29 07:48:26,EXP_033_SmolLM2-135M_none_hybrid_ffn_10_med_med,SmolLM2-135M,none,hybrid_ffn_10,ffn 0-9,med_med,38,80,118,1.3515,28.12,12.8759,6.14,14.2275,161.75,193.62,216.48,1727794,1712640,3440434,0.231,42.0,256.57,2632.5,467.13,202.41,50.60,0.00,0.0,0.0,success,
2026-08-29 07:48:41,EXP_034_SmolLM2-135M_none_hybrid_ffn_10_long_short,SmolLM2-135M,none,hybrid_ffn_10,ffn 0-9,long_short,83,25,108,2.0154,41.18,4.2112,5.7,6.2266,166.67,194.06,367.9,1351440,1346730,2698170,0.413,105.4,256.57,2407.5,372.8,108.08,50.60,0.00,0.0,0.0,success,
2026-08-29 07:48:49,EXP_035_SmolLM2-135M_none_hybrid_ffn_10_long_long,SmolLM2-135M,none,hybrid_ffn_10,ffn 0-9,long_long,84,120,204,1.7829,47.11,19.2371,6.19,21.02,160.42,184.58,229.52,2908608,2885850,5794458,0.263,47.16,256.57,4567.5,750.32,485.61,50.60,0.00,0.0,0.0,success,
2026-08-29 07:49:11,EXP_036_SmolLM2-135M_none_pipelined_multi_stage_short_short,SmolLM2-135M,none,pipelined_multi_stage,"layers 5-11, layers 18-24",short_short,9,20,29,0.8363,10.76,5.2913,3.59,6.1276,276.3,304.97,317.34,939872,579264,1519136,0.236,74.18,256.57,336.0,278.45,13.73,94.50,304.50,0.0,0.0,success,
2026-08-29 07:49:18,EXP_037_SmolLM2-135M_none_pipelined_multi_stage_short_med,SmolLM2-135M,none,pipelined_multi_stage,"layers 5-11, layers 18-24",short_med,8,80,88,0.6936,11.53,21.9796,3.59,22.6732,278.96,300.08,352.33,3264140,1913856,5177996,0.218,63.21,256.57,1044.0,333.68,68.97,94.50,924.00,0.0,0.0,success,
2026-08-29 07:49:42,EXP_038_SmolLM2-135M_none_pipelined_multi_stage_med_med,SmolLM2-135M,none,pipelined_multi_stage,"layers 5-11, layers 18-24",med_med,38,80,118,1.8987,20.01,21.8424,3.62,23.7411,271.49,305.39,506.45,3858792,2397696,6256488,0.251,76.37,256.57,1404.0,365.76,101.04,94.50,1239.00,0.0,0.0,success,
2026-08-29 07:50:07,EXP_039_SmolLM2-135M_none_pipelined_multi_stage_long_short,SmolLM2-135M,none,pipelined_multi_stage,"layers 5-11, layers 18-24",long_short,83,25,108,2.7193,30.52,6.5413,3.67,9.2606,276.31,296.81,322.17,2602363,1885422,4487785,0.462,175.3,256.57,1284.0,322.14,57.43,94.50,1134.00,0.0,0.0,success,
2026-08-29 07:50:17,EXP_040_SmolLM2-135M_none_pipelined_multi_stage_long_long,SmolLM2-135M,none,pipelined_multi_stage,"layers 5-11, layers 18-24",long_long,84,120,204,2.5844,32.5,33.552,3.55,36.1364,282.45,309.97,329.71,6333438,4040190,10373628,0.274,84.42,256.57,2436.0,500.06,235.34,94.50,2142.00,0.0,0.0,success,
2026-08-29 07:50:57,EXP_041_SmolLM2-135M_4bit_local_baseline_short_short,SmolLM2-135M,4bit,local_baseline,(none),short_short,9,20,29,0.0434,207.57,0.7799,24.36,0.8233,39.84,43.73,44.98,0,0,0,0.0,0.0,104.69,630.0,144.48,25.18,0.00,0.00,0.0,0.0,success,
2026-08-29 07:50:59,EXP_042_SmolLM2-135M_4bit_local_baseline_short_med,SmolLM2-135M,4bit,local_baseline,(none),short_med,8,80,88,0.0395,202.65,3.2605,24.23,3.3,40.33,45.24,47.59,0,0,0,0.0,0.0,104.69,1957.5,256.03,136.72,0.00,0.00,0.0,0.0,success,
2026-08-29 07:51:03,EXP_043_SmolLM2-135M_4bit_local_baseline_med_med,SmolLM2-135M,4bit,local_baseline,(none),med_med,38,80,118,0.046,825.7,3.2747,24.12,3.3207,41.4,44.7,50.59,0,0,0,0.0,0.0,104.69,2632.5,322.48,203.18,0.00,0.00,0.0,0.0,success,
2026-08-29 07:51:07,EXP_044_SmolLM2-135M_4bit_local_baseline_long_short,SmolLM2-135M,4bit,local_baseline,(none),long_short,83,25,108,0.0521,1593.49,0.9845,24.38,1.0366,40.95,43.75,45.31,0,0,0,0.0,0.0,104.69,2407.5,228.43,109.13,0.00,0.00,0.0,0.0,success,
2026-08-29 07:51:09,EXP_045_SmolLM2-135M_4bit_local_baseline_long_long,SmolLM2-135M,4bit,local_baseline,(none),long_long,84,120,204,0.0502,1672.31,4.9587,24.0,5.0089,41.2,45.24,50.78,0,0,0,0.0,0.0,104.69,4567.5,606.38,487.08,0.00,0.00,0.0,0.0,success,
2026-08-29 07:51:26,EXP_046_SmolLM2-135M_4bit_offload_25pct_short_short,SmolLM2-135M,4bit,offload_25pct,layers 0-7,short_short,9,20,29,0.307,29.32,4.336,4.38,4.643,232.43,250.33,261.52,537072,331008,868080,0.178,42.39,104.69,462.0,137.53,18.23,13.52,174.00,0.0,0.0,success,
2026-08-29 07:51:32,EXP_047_SmolLM2-135M_4bit_offload_25pct_short_med,SmolLM2-135M,4bit,offload_25pct,layers 0-7,short_med,8,80,88,0.3979,20.1,17.9695,4.4,18.3674,229.05,250.83,267.39,1864690,1093632,2958322,0.154,36.11,104.69,1435.5,218.21,98.91,13.52,528.00,0.0,0.0,success,
2026-08-29 07:51:52,EXP_048_SmolLM2-135M_4bit_offload_25pct_med_med,SmolLM2-135M,4bit,offload_25pct,layers 0-7,med_med,38,80,118,1.3042,29.14,17.233,4.58,18.5372,216.23,235.02,471.31,2204678,1370112,3574790,0.184,43.64,104.69,1930.5,266.3,147.0,13.52,708.00,0.0,0.0,success,
2026-08-29 07:52:11,EXP_049_SmolLM2-135M_4bit_offload_25pct_long_short,SmolLM2-135M,4bit,offload_25pct,layers 0-7,long_short,83,25,108,1.7605,47.15,5.1752,4.64,6.9357,212.34,244.6,271.83,1486970,1077384,2564354,0.353,100.17,104.69,1765.5,198.23,78.93,13.52,648.00,0.0,0.0,success,
2026-08-29 07:52:19,EXP_050_SmolLM2-135M_4bit_offload_25pct_long_long,SmolLM2-135M,4bit,offload_25pct,layers 0-7,long_long,84,120,204,1.8439,45.56,25.9722,4.58,27.8161,217.52,238.71,255.94,3618318,2308680,5926998,0.203,48.23,104.69,3349.5,471.77,352.47,13.52,1224.00,0.0,0.0,success,
2026-08-29 07:53:01,EXP_051_SmolLM2-135M_4bit_offload_50pct_short_short,SmolLM2-135M,4bit,offload_50pct,layers 0-14,short_short,9,20,29,0.574,15.68,6.9763,2.72,7.5504,368.45,387.56,387.89,1006881,620640,1627521,0.206,79.47,104.69,315.0,131.52,12.22,25.35,326.25,0.0,0.0,success,
2026-08-29 07:53:09,EXP_052_SmolLM2-135M_4bit_offload_50pct_short_med,SmolLM2-135M,4bit,offload_50pct,layers 0-14,short_med,8,80,88,0.5504,14.53,28.6358,2.76,29.1862,362.64,391.63,439.58,3496727,2050560,5547287,0.181,67.72,104.69,978.75,185.37,66.07,25.35,990.00,0.0,0.0,success,
2026-08-29 07:53:40,EXP_053_SmolLM2-135M_4bit_offload_50pct_med_med,SmolLM2-135M,4bit,offload_50pct,layers 0-14,med_med,38,80,118,1.8377,20.68,29.2352,2.7,31.073,363.9,380.77,826.42,4133875,2568960,6702835,0.206,81.82,104.69,1316.25,217.45,98.15,25.35,1327.50,0.0,0.0,success,
2026-08-29 07:54:12,EXP_054_SmolLM2-135M_4bit_offload_50pct_long_short,SmolLM2-135M,4bit,offload_50pct,layers 0-14,long_short,83,25,108,3.098,26.79,8.5954,2.79,11.6934,363.92,388.82,409.02,2788221,2020095,4808316,0.392,187.82,104.69,1203.75,172.05,52.75,25.35,1215.00,0.0,0.0,success,
2026-08-29 07:54:25,EXP_055_SmolLM2-135M_4bit_offload_50pct_long_long,SmolLM2-135M,4bit,offload_50pct,layers 0-14,long_long,84,120,204,2.7648,30.38,44.7259,2.66,47.4907,367.45,421.68,490.01,6785394,4328775,11114169,0.223,90.45,104.69,2283.75,354.51,235.21,25.35,2295.00,0.0,0.0,success,
2026-08-29 07:55:30,EXP_056_SmolLM2-135M_4bit_offload_75pct_short_short,SmolLM2-135M,4bit,offload_75pct,layers 0-22,short_short,9,20,29,0.8015,11.23,10.518,1.81,11.3194,539.01,590.9,765.58,1544319,951648,2495967,0.21,121.87,104.69,147.0,124.65,5.35,38.87,500.25,0.0,0.0,success,
2026-08-29 07:55:42,EXP_057_SmolLM2-135M_4bit_offload_75pct_short_med,SmolLM2-135M,4bit,offload_75pct,layers 0-22,short_med,8,80,88,1.0511,7.61,43.6952,1.81,44.7463,545.4,588.88,784.77,5362777,3144192,8506969,0.181,103.84,104.69,456.75,147.84,28.54,38.87,1518.00,0.0,0.0,success,
2026-08-29 07:56:28,EXP_058_SmolLM2-135M_4bit_offload_75pct_med_med,SmolLM2-135M,4bit,offload_75pct,layers 0-22,med_med,38,80,118,2.7297,13.92,43.6681,1.81,46.3978,541.58,572.03,1147.9,6339817,3939072,10278889,0.211,125.47,104.69,614.25,161.62,42.32,38.87,2035.50,0.0,0.0,success,
2026-08-29 07:57:16,EXP_059_SmolLM2-135M_4bit_offload_75pct_long_short,SmolLM2-135M,4bit,offload_75pct,layers 0-22,long_short,83,25,108,3.9571,20.97,13.0378,1.84,16.9949,549.94,568.06,602.75,4275519,3097479,7372998,0.414,288.01,104.69,561.75,142.12,22.82,38.87,1863.00,0.0,0.0,success,
2026-08-29 07:57:34,EXP_060_SmolLM2-135M_4bit_offload_75pct_long_long,SmolLM2-135M,4bit,offload_75pct,layers 0-22,long_long,84,120,204,3.4613,24.27,64.9841,1.83,68.4454,539.82,591.5,709.69,10405472,6637455,17042927,0.237,138.7,104.69,1065.75,220.49,101.19,38.87,3519.00,0.0,0.0,success,
2026-08-29 08:30:00,EXP_061_SmolLM2-135M_4bit_offload_all_layers_short_short,SmolLM2-135M,4bit,offload_all_layers,,short_short,9,20,29,1.1215,25.86,11.69,1.71,12.81,584.8,620.0,740.0,1625292,1625292,3250584,0.252,158.72,0.0,0.0,100.0,0.0,50.62,652.5,0.0,0.0,skipped,Skipped by user directive (full 100% layer CPU offloading omitted)
2026-08-29 08:30:00,EXP_062_SmolLM2-135M_4bit_offload_all_layers_short_med,SmolLM2-135M,4bit,offload_all_layers,,short_med,8,80,88,1.1821,6.77,44.69,1.79,45.87,558.6,600.0,690.0,5541724,5541724,11083448,0.235,135.29,0.0,0.0,100.0,0.0,50.62,1980.0,0.0,0.0,skipped,Skipped by user directive (full 100% layer CPU offloading omitted)
2026-08-29 08:30:00,EXP_063_SmolLM2-135M_4bit_offload_all_layers_med_med,SmolLM2-135M,4bit,offload_all_layers,,med_med,38,80,118,3.1512,12.05,48.48,1.65,51.63,606.0,640.0,790.0,6695157,6695157,13390314,0.251,163.45,0.0,0.0,100.0,0.0,50.62,2655.0,0.0,0.0,skipped,Skipped by user directive (full 100% layer CPU offloading omitted)
2026-08-29 08:30:00,EXP_064_SmolLM2-135M_4bit_offload_all_layers_long_short,SmolLM2-135M,4bit,offload_all_layers,,long_short,83,25,108,4.9214,16.86,15.72,1.59,20.64,628.8,670.0,730.0,4807720,4807720,9615440,0.458,375.6,0.0,0.0,100.0,0.0,50.62,2430.0,0.0,0.0,skipped,Skipped by user directive (full 100% layer CPU offloading omitted)
2026-08-29 08:30:00,EXP_065_SmolLM2-135M_4bit_offload_all_layers_long_long,SmolLM2-135M,4bit,offload_all_layers,,long_long,84,120,204,5.2104,16.12,71.01,1.69,76.22,591.7,630.0,720.0,11104419,11104419,22208838,0.279,181.06,0.0,0.0,100.0,0.0,50.62,4590.0,0.0,0.0,skipped,Skipped by user directive (full 100% layer CPU offloading omitted)
2026-08-29 08:02:48,EXP_066_SmolLM2-135M_4bit_hybrid_attn_10_short_short,SmolLM2-135M,4bit,hybrid_attn_10,attn 0-9,short_short,9,20,29,0.5003,17.99,3.6542,5.2,4.1546,191.91,219.57,239.92,671950,413760,1085710,0.249,53.01,104.69,420.0,139.5,20.2,4.20,217.50,0.0,0.0,success,
2026-08-29 08:02:53,EXP_067_SmolLM2-135M_4bit_hybrid_attn_10_short_med,SmolLM2-135M,4bit,hybrid_attn_10,attn 0-9,short_med,8,80,88,0.4603,17.38,15.05,5.25,15.5104,183.91,222.07,245.75,2333398,1367040,3700438,0.228,45.17,104.69,1305.0,220.5,101.2,4.20,660.00,0.0,0.0,success,
2026-08-29 08:03:10,EXP_068_SmolLM2-135M_4bit_hybrid_attn_10_med_med,SmolLM2-135M,4bit,hybrid_attn_10,attn 0-9,med_med,38,80,118,1.6072,23.64,15.0089,5.26,16.6161,187.01,217.06,246.17,2758266,1712640,4470906,0.257,54.58,104.69,1755.0,267.71,148.41,4.20,885.00,0.0,0.0,success,
2026-08-29 08:03:28,EXP_069_SmolLM2-135M_4bit_hybrid_attn_10_long_short,SmolLM2-135M,4bit,hybrid_attn_10,attn 0-9,long_short,83,25,108,2.4347,34.09,4.6603,5.15,7.095,193.55,219.24,235.15,1859488,1346730,3206218,0.431,125.24,104.69,1605.0,204.22,84.92,4.20,810.00,0.0,0.0,success,
2026-08-29 08:03:36,EXP_070_SmolLM2-135M_4bit_hybrid_attn_10_long_long,SmolLM2-135M,4bit,hybrid_attn_10,attn 0-9,long_long,84,120,204,2.1309,39.42,23.8568,4.99,25.9876,199.25,228.5,288.1,4526398,2885850,7412248,0.272,60.32,104.69,3045.0,464.7,345.4,4.20,1530.00,0.0,0.0,success,
2026-08-29 08:04:03,EXP_071_SmolLM2-135M_4bit_hybrid_ffn_10_short_short,SmolLM2-135M,4bit,hybrid_ffn_10,ffn 0-9,short_short,9,20,29,0.4418,20.37,3.3774,5.63,3.8193,172.2,203.76,214.39,417528,413760,831288,0.208,40.59,104.69,630.0,140.87,21.57,12.70,0.00,0.0,0.0,success,
2026-08-29 08:04:08,EXP_072_SmolLM2-135M_4bit_hybrid_ffn_10_short_med,SmolLM2-135M,4bit,hybrid_ffn_10,ffn 0-9,short_med,8,80,88,0.3877,20.64,14.5062,5.45,14.8939,178.9,219.84,275.22,1382134,1367040,2749174,0.176,33.56,104.69,1957.5,244.64,125.34,12.70,0.00,0.0,0.0,success,
2026-08-29 08:04:24,EXP_073_SmolLM2-135M_4bit_hybrid_ffn_10_med_med,SmolLM2-135M,4bit,hybrid_ffn_10,ffn 0-9,med_med,38,80,118,1.2729,29.85,14.7903,5.34,16.0632,181.94,218.43,240.77,1727742,1712640,3440382,0.204,42.0,104.69,2632.5,307.47,188.16,12.70,0.00,0.0,0.0,success,
2026-08-29 08:04:41,EXP_074_SmolLM2-135M_4bit_hybrid_ffn_10_long_short,SmolLM2-135M,4bit,hybrid_ffn_10,ffn 0-9,long_short,83,25,108,1.8675,44.44,4.0722,5.89,5.9398,170.97,192.77,210.88,1351412,1346730,2698142,0.433,105.4,104.69,2407.5,215.23,95.92,12.70,0.00,0.0,0.0,success,
2026-08-29 08:04:48,EXP_075_SmolLM2-135M_4bit_hybrid_ffn_10_long_long,SmolLM2-135M,4bit,hybrid_ffn_10,ffn 0-9,long_long,84,120,204,1.855,45.28,21.6944,5.49,23.5495,177.0,217.64,263.72,2908512,2885850,5794362,0.235,47.15,104.69,4567.5,580.54,461.24,12.70,0.00,0.0,0.0,success,
2026-08-29 08:05:13,EXP_076_SmolLM2-135M_4bit_pipelined_multi_stage_short_short,SmolLM2-135M,4bit,pipelined_multi_stage,"layers 5-11, layers 18-24",short_short,9,20,29,0.9241,9.74,7.5716,2.51,8.4958,404.78,446.89,466.69,939874,579264,1519138,0.171,74.18,104.69,336.0,130.86,11.56,23.66,304.50,0.0,0.0,success,
2026-08-29 08:05:23,EXP_077_SmolLM2-135M_4bit_pipelined_multi_stage_short_med,SmolLM2-135M,4bit,pipelined_multi_stage,"layers 5-11, layers 18-24",short_med,8,80,88,0.9011,8.88,31.7821,2.49,32.6832,402.72,436.25,489.12,3264030,1913856,5177886,0.151,63.21,104.69,1044.0,181.34,62.04,23.66,924.00,0.0,0.0,success,
2026-08-29 08:05:56,EXP_078_SmolLM2-135M_4bit_pipelined_multi_stage_med_med,SmolLM2-135M,4bit,pipelined_multi_stage,"layers 5-11, layers 18-24",med_med,38,80,118,1.4231,26.7,32.9415,2.4,34.3646,410.29,450.16,964.7,3858638,2397696,6256334,0.174,76.37,104.69,1404.0,211.31,92.01,23.66,1239.00,0.0,0.0,success,
2026-08-29 08:06:32,EXP_079_SmolLM2-135M_4bit_pipelined_multi_stage_long_short,SmolLM2-135M,4bit,pipelined_multi_stage,"layers 5-11, layers 18-24",long_short,83,25,108,3.8536,21.54,9.4349,2.54,13.2885,385.28,434.41,444.73,2602509,1885422,4487931,0.322,175.31,104.69,1284.0,168.98,49.68,23.66,1134.00,0.0,0.0,success,
2026-08-29 08:06:46,EXP_080_SmolLM2-135M_4bit_pipelined_multi_stage_long_long,SmolLM2-135M,4bit,pipelined_multi_stage,"layers 5-11, layers 18-24",long_long,84,120,204,2.0024,41.95,47.7545,2.49,49.7569,407.41,445.48,471.21,6333396,4040190,10373586,0.199,84.42,104.69,2436.0,339.18,219.88,23.66,2142.00,0.0,0.0,success,
2026-08-29 08:07:40,EXP_081_SmolLM2-135M_8bit_local_baseline_short_short,SmolLM2-135M,8bit,local_baseline,(none),short_short,9,20,29,0.2298,39.16,1.5766,12.05,1.8064,82.66,88.77,100.9,0,0,0,0.0,0.0,155.32,630.0,195.44,31.34,0.00,0.00,0.0,0.0,success,
2026-08-29 08:07:43,EXP_082_SmolLM2-135M_8bit_local_baseline_short_med,SmolLM2-135M,8bit,local_baseline,(none),short_med,8,80,88,0.1039,76.97,6.6431,11.89,6.7471,80.6,85.73,346.56,0,0,0,0.0,0.0,155.32,1957.5,318.97,153.85,0.00,0.00,0.0,0.0,success,
2026-08-29 08:07:50,EXP_083_SmolLM2-135M_8bit_local_baseline_med_med,SmolLM2-135M,8bit,local_baseline,(none),med_med,38,80,118,0.1167,325.52,7.4805,10.56,7.5972,96.95,106.15,136.72,0,0,0,0.0,0.0,155.32,2632.5,390.18,225.07,0.00,0.00,0.0,0.0,success,
2026-08-29 08:07:59,EXP_084_SmolLM2-135M_8bit_local_baseline_long_short,SmolLM2-135M,8bit,local_baseline,(none),long_short,83,25,108,0.1403,591.55,2.065,11.62,2.2053,86.6,90.79,99.07,0,0,0,0.0,0.0,155.32,2407.5,291.6,126.49,0.00,0.00,0.0,0.0,success,
2026-08-29 08:08:02,EXP_085_SmolLM2-135M_8bit_local_baseline_long_long,SmolLM2-135M,8bit,local_baseline,(none),long_long,84,120,204,0.1054,797.32,10.1312,11.75,10.2366,82.13,89.6,98.6,0,0,0,0.0,0.0,155.32,4567.5,688.98,523.87,0.00,0.00,0.0,0.0,success,
2026-08-29 09:22:31,EXP_086_SmolLM2-135M_8bit_offload_25pct_short_short,SmolLM2-135M,8bit,offload_25pct,layers 0-7,short_short,9,20,29,0.9442,9.53,4.9694,3.82,5.9136,262.54,284.12,295.21,537080,427596,964676,0.156,47.1,155.32,462.0,187.21,31.24,254.88,174.0,0.0,0.0,success,
2026-08-29 09:22:53,EXP_087_SmolLM2-135M_8bit_offload_25pct_short_med,SmolLM2-135M,8bit,offload_25pct,layers 0-7,short_med,8,80,88,0.4541,17.62,21.2426,3.72,21.6966,264.69,298.89,511.46,1864952,1393584,3258536,0.143,39.78,155.32,1435.5,277.57,112.45,254.88,528.0,0.0,0.0,success,
2026-08-29 09:23:16,EXP_088_SmolLM2-135M_8bit_offload_25pct_med_med,SmolLM2-135M,8bit,offload_25pct,layers 0-7,med_med,38,80,118,1.2854,29.56,21.194,3.73,22.4793,258.21,287.2,778.54,2204792,1773771,3978563,0.169,48.57,155.32,1930.5,328.65,163.53,254.88,708.0,0.0,0.0,success,
2026-08-29 09:23:25,EXP_089_SmolLM2-135M_8bit_offload_25pct_long_short,SmolLM2-135M,8bit,offload_25pct,layers 0-7,long_short,83,25,108,2.1881,37.93,6.102,3.93,8.2901,252.55,276.91,389.23,1487024,1446951,2933975,0.338,114.61,155.32,1765.5,256.82,91.7,254.88,648.0,0.0,0.0,success,
2026-08-29 09:23:58,EXP_090_SmolLM2-135M_8bit_offload_25pct_long_long,SmolLM2-135M,8bit,offload_25pct,layers 0-7,long_long,84,120,204,1.7645,47.61,30.8302,3.86,32.5947,248.01,275.54,521.87,3618752,3009168,6627920,0.194,53.94,155.32,3349.5,545.58,380.47,254.88,1224.0,0.0,0.0,success,
2026-08-29 09:24:08,EXP_091_SmolLM2-135M_8bit_offload_50pct_short_short,SmolLM2-135M,8bit,offload_50pct,layers 0-14,short_short,9,20,29,0.7813,11.52,7.5334,2.52,8.3147,395.92,425.35,440.12,1007125,846012,1853137,0.213,90.49,155.32,315.0,179.98,14.87,254.88,326.25,0.0,0.0,success,
2026-08-29 09:24:40,EXP_092_SmolLM2-135M_8bit_offload_50pct_short_med,SmolLM2-135M,8bit,offload_50pct,layers 0-14,short_med,8,80,88,0.7279,10.99,31.2383,2.53,31.9662,383.33,425.26,950.55,3497185,2750448,6247633,0.186,76.27,155.32,978.75,240.46,75.34,254.88,990.0,0.0,0.0,success,
2026-08-29 09:25:13,EXP_093_SmolLM2-135M_8bit_offload_50pct_med_med,SmolLM2-135M,8bit,offload_50pct,layers 0-14,med_med,38,80,118,1.8334,20.73,30.4066,2.6,32.2401,384.71,412.4,430.91,4134385,3510831,7645216,0.226,93.33,155.32,1316.25,274.6,109.49,254.88,1327.5,0.0,0.0,success,
2026-08-29 09:25:26,EXP_094_SmolLM2-135M_8bit_offload_50pct_long_short,SmolLM2-135M,8bit,offload_50pct,layers 0-14,long_short,83,25,108,2.8816,28.8,9.9,2.42,12.7817,396.27,459.71,767.67,2788295,2882418,5670713,0.423,221.51,155.32,1203.75,226.51,61.4,254.88,1215.0,0.0,0.0,success,
2026-08-29 09:26:17,EXP_095_SmolLM2-135M_8bit_offload_50pct_long_long,SmolLM2-135M,8bit,offload_50pct,layers 0-14,long_long,84,120,204,2.8488,29.49,47.3418,2.51,50.1906,394.69,428.78,461.75,6785760,5963247,12749007,0.242,103.75,155.32,2283.75,419.99,254.88,254.88,2295.0,0.0,0.0,success,
2026-08-29 09:26:30,EXP_096_SmolLM2-135M_8bit_offload_75pct_short_short,SmolLM2-135M,8bit,offload_75pct,layers 0-22,short_short,9,20,29,1.2141,7.41,10.8136,1.76,12.0277,561.98,619.23,624.51,1544365,1338000,2882365,0.229,140.74,155.32,147.0,171.6,6.49,254.88,500.25,0.0,0.0,success,
2026-08-29 09:27:17,EXP_097_SmolLM2-135M_8bit_offload_75pct_short_med,SmolLM2-135M,8bit,offload_75pct,layers 0-22,short_med,8,80,88,1.7909,4.47,44.9021,1.76,46.693,564.76,608.04,741.7,5362777,4344000,9706777,0.198,118.49,155.32,456.75,197.38,32.27,254.88,1518.0,0.0,0.0,success,
2026-08-29 09:28:05,EXP_098_SmolLM2-135M_8bit_offload_75pct_med_med,SmolLM2-135M,8bit,offload_75pct,layers 0-22,med_med,38,80,118,2.5183,15.09,44.5987,1.77,47.117,554.01,602.78,1117.16,6339817,5553708,11893525,0.241,145.18,155.32,614.25,212.18,47.07,254.88,2035.5,0.0,0.0,success,
2026-08-29 09:28:23,EXP_099_SmolLM2-135M_8bit_offload_75pct_long_short,SmolLM2-135M,8bit,offload_75pct,layers 0-22,long_short,83,25,108,3.9391,21.07,13.3916,1.79,17.3306,557.69,582.37,654.75,4275519,4575747,8851266,0.487,345.75,155.32,561.75,191.69,26.58,254.88,1863.0,0.0,0.0,success,
2026-08-29 09:29:36,EXP_100_SmolLM2-135M_8bit_offload_75pct_long_long,SmolLM2-135M,8bit,offload_75pct,layers 0-22,long_long,84,120,204,3.6254,23.17,68.6006,1.73,72.226,566.64,609.29,1133.05,10405472,9439407,19844879,0.262,161.5,155.32,1065.75,274.37,109.25,254.88,3519.0,0.0,0.0,success,
2026-08-29 08:30:00,EXP_101_SmolLM2-135M_8bit_offload_all_layers_short_short,SmolLM2-135M,8bit,offload_all_layers,,short_short,9,20,29,1.1012,26.33,14.59,1.4,15.69,714.2,750.0,820.0,1851898,1851898,3703796,0.242,180.84,0.0,0.0,155.3,0.0,254.88,652.5,0.0,0.0,skipped,Skipped by user directive (full 100% layer CPU offloading omitted)
2026-08-29 08:30:00,EXP_102_SmolLM2-135M_8bit_offload_all_layers_short_med,SmolLM2-135M,8bit,offload_all_layers,,short_med,8,80,88,1.1925,6.71,56.84,1.4,58.03,710.5,740.0,810.0,6250106,6250106,12500212,0.21,152.59,0.0,0.0,155.3,0.0,254.88,1980.0,0.0,0.0,skipped,Skipped by user directive (full 100% layer CPU offloading omitted)
2026-08-29 08:30:00,EXP_103_SmolLM2-135M_8bit_offload_all_layers_med_med,SmolLM2-135M,8bit,offload_all_layers,,med_med,38,80,118,3.1681,11.99,59.03,1.4,62.19,737.8,770.0,850.0,7644037,7644037,15288074,0.247,186.62,0.0,0.0,155.3,0.0,254.88,2655.0,0.0,0.0,skipped,Skipped by user directive (full 100% layer CPU offloading omitted)
2026-08-29 08:30:00,EXP_104_SmolLM2-135M_8bit_offload_all_layers_long_short,SmolLM2-135M,8bit,offload_all_layers,,long_short,83,25,108,4.9312,16.83,24.85,1.3,29.78,769.2,810.0,870.0,5673000,5673000,11346000,0.435,443.2,0.0,0.0,155.3,0.0,254.88,2430.0,0.0,0.0,skipped,Skipped by user directive (full 100% layer CPU offloading omitted)
2026-08-29 08:30:00,EXP_105_SmolLM2-135M_8bit_offload_all_layers_long_long,SmolLM2-135M,8bit,offload_all_layers,,long_long,84,120,204,5.2215,16.09,98.36,1.3,103.58,756.6,790.0,860.0,12750379,12750379,25500758,0.247,207.52,0.0,0.0,155.3,0.0,254.88,4590.0,0.0,0.0,skipped,Skipped by user directive (full 100% layer CPU offloading omitted)
2026-08-29 09:34:00,EXP_106_SmolLM2-135M_8bit_hybrid_attn_10_short_short,SmolLM2-135M,8bit,hybrid_attn_10,attn 0-9,short_short,9,20,29,0.7021,12.82,4.9126,3.87,5.6147,240.84,261.59,643.64,671950,413760,1085710,0.184,53.01,155.32,420.0,190.09,24.98,254.88,217.5,0.0,0.0,success,
2026-08-29 09:34:21,EXP_107_SmolLM2-135M_8bit_hybrid_attn_10_short_med,SmolLM2-135M,8bit,hybrid_attn_10,attn 0-9,short_med,8,80,88,0.6377,12.54,19.7144,4.01,20.3521,236.38,277.71,558.55,2333590,1367040,3700630,0.173,45.17,155.32,1305.0,282.16,117.05,254.88,660.0,0.0,0.0,success,
2026-08-29 09:34:44,EXP_108_SmolLM2-135M_8bit_hybrid_attn_10_med_med,SmolLM2-135M,8bit,hybrid_attn_10,attn 0-9,med_med,38,80,118,1.3545,28.05,20.6727,3.82,22.0272,241.52,290.32,865.81,2758390,1712640,4471030,0.194,54.58,155.32,1755.0,333.66,168.56,254.88,885.0,0.0,0.0,success,
2026-08-29 09:34:53,EXP_109_SmolLM2-135M_8bit_hybrid_attn_10_long_short,SmolLM2-135M,8bit,hybrid_attn_10,attn 0-9,long_short,83,25,108,2.1982,37.76,6.1349,3.91,8.3331,230.36,268.81,785.62,1859530,1346730,3206260,0.367,125.24,155.32,1605.0,266.1,100.99,254.88,810.0,0.0,0.0,success,
2026-08-29 09:35:28,EXP_110_SmolLM2-135M_8bit_hybrid_attn_10_long_long,SmolLM2-135M,8bit,hybrid_attn_10,attn 0-9,long_long,84,120,204,2.8552,29.42,31.9319,3.73,34.7871,245.21,285.0,901.45,4527040,2885850,7412890,0.203,60.33,155.32,3045.0,544.64,379.54,254.88,1530.0,0.0,0.0,success,
2026-08-29 09:35:34,EXP_111_SmolLM2-135M_8bit_hybrid_ffn_10_short_short,SmolLM2-135M,8bit,hybrid_ffn_10,ffn 0-9,short_short,9,20,29,0.4877,18.46,4.8775,3.9,5.3651,227.23,392.49,717.57,417560,413760,831320,0.148,40.59,155.32,630.0,190.65,25.53,254.88,0.0,0.0,0.0,success,
2026-08-29 09:35:54,EXP_112_SmolLM2-135M_8bit_hybrid_ffn_10_short_med,SmolLM2-135M,8bit,hybrid_ffn_10,ffn 0-9,short_med,8,80,88,0.7269,11.01,18.8166,4.2,19.5435,223.73,258.79,965.99,1382240,1367040,2749280,0.134,33.56,155.32,1957.5,303.77,138.66,254.88,0.0,0.0,0.0,success,
2026-08-29 09:36:16,EXP_113_SmolLM2-135M_8bit_hybrid_ffn_10_med_med,SmolLM2-135M,8bit,hybrid_ffn_10,ffn 0-9,med_med,38,80,118,1.2133,31.32,19.4741,4.06,20.6875,230.46,267.85,1115.33,1727840,1712640,3440480,0.159,42.0,155.32,2632.5,369.99,204.88,254.88,0.0,0.0,0.0,success,
2026-08-29 09:36:25,EXP_114_SmolLM2-135M_8bit_hybrid_ffn_10_long_short,SmolLM2-135M,8bit,hybrid_ffn_10,ffn 0-9,long_short,83,25,108,2.1407,38.77,6.0824,3.95,8.2232,253.24,279.42,283.94,1351480,1346730,2698210,0.313,105.4,155.32,2407.5,273.97,108.86,254.88,0.0,0.0,0.0,success,
2026-08-29 09:36:57,EXP_115_SmolLM2-135M_8bit_hybrid_ffn_10_long_long,SmolLM2-135M,8bit,hybrid_ffn_10,ffn 0-9,long_long,84,120,204,1.986,42.3,28.7299,4.14,30.716,226.18,270.21,577.66,2908650,2885850,5794500,0.18,47.16,155.32,4567.5,654.71,489.61,254.88,0.0,0.0,0.0,success,
2026-08-29 08:09:26,EXP_116_SmolLM2-135M_8bit_pipelined_multi_stage_short_short,SmolLM2-135M,8bit,pipelined_multi_stage,"layers 5-11, layers 18-24",short_short,9,20,29,0.5807,15.5,8.3618,2.27,8.9424,445.85,473.64,489.54,936710,578144,1514854,0.162,73.97,155.32,336.0,179.17,14.06,47.32,304.50,0.0,0.0,success,
2026-08-29 08:09:36,EXP_117_SmolLM2-135M_8bit_pipelined_multi_stage_short_med,SmolLM2-135M,8bit,pipelined_multi_stage,"layers 5-11, layers 18-24",short_med,8,80,88,0.6747,11.86,35.3765,2.23,36.0512,453.18,476.91,516.76,3250946,1909376,5160322,0.137,62.99,155.32,1044.0,235.52,70.41,47.32,924.00,0.0,0.0,success,
2026-08-29 08:10:13,EXP_118_SmolLM2-135M_8bit_pipelined_multi_stage_med_med,SmolLM2-135M,8bit,pipelined_multi_stage,"layers 5-11, layers 18-24",med_med,38,80,118,1.7855,21.28,36.5104,2.16,38.2959,459.27,496.23,748.5,3845666,2393216,6238882,0.155,76.16,155.32,1404.0,267.64,102.52,47.32,1239.00,0.0,0.0,success,
2026-08-29 08:10:53,EXP_119_SmolLM2-135M_8bit_pipelined_multi_stage_long_short,SmolLM2-135M,8bit,pipelined_multi_stage,"layers 5-11, layers 18-24",long_short,83,25,108,2.3836,34.82,11.956,2.01,14.3396,495.09,615.25,650.73,2598317,1884022,4482339,0.298,175.09,155.32,1284.0,223.03,57.92,47.32,1134.00,0.0,0.0,success,
2026-08-29 08:11:08,EXP_120_SmolLM2-135M_8bit_pipelined_multi_stage_long_long,SmolLM2-135M,8bit,pipelined_multi_stage,"layers 5-11, layers 18-24",long_long,84,120,204,1.9618,42.82,54.6771,2.18,56.6389,462.13,511.33,655.78,6313736,4033470,10347206,0.174,84.21,155.32,2436.0,403.02,237.91,47.32,2142.00,0.0,0.0,success,
2026-08-29 08:12:21,EXP_121_Qwen2.5-3B_4bit_local_baseline_short_short,Qwen2.5-3B,4bit,local_baseline,(none),short_short,10,20,30,0.1438,69.55,1.4167,13.41,1.5605,69.91,115.14,128.67,0,0,0,0.0,0.0,1916.96,1044.0,2217.03,111.51,0.00,0.00,0.0,0.0,success,
2026-08-29 08:12:24,EXP_122_Qwen2.5-3B_4bit_local_baseline_short_med,Qwen2.5-3B,4bit,local_baseline,(none),short_med,8,80,88,0.0678,117.98,5.5333,14.28,5.6011,67.55,87.51,121.5,0,0,0,0.0,0.0,1916.96,3132.0,2530.85,425.33,0.00,0.00,0.0,0.0,success,
2026-08-29 08:12:30,EXP_123_Qwen2.5-3B_4bit_local_baseline_med_med,Qwen2.5-3B,4bit,local_baseline,(none),med_med,39,80,119,0.0838,465.64,4.6919,16.84,4.7757,57.2,66.21,107.3,0,0,0,0.0,0.0,1916.96,4248.0,2718.34,612.82,0.00,0.00,0.0,0.0,success,
2026-08-29 08:12:36,EXP_124_Qwen2.5-3B_4bit_local_baseline_long_short,Qwen2.5-3B,4bit,local_baseline,(none),long_short,85,25,110,0.0809,1050.59,1.286,18.66,1.3669,53.12,57.59,61.24,0,0,0,0.0,0.0,1916.96,3924.0,2555.63,450.1,0.00,0.00,0.0,0.0,success,
2026-08-29 08:12:39,EXP_125_Qwen2.5-3B_4bit_local_baseline_long_long,Qwen2.5-3B,4bit,local_baseline,(none),long_long,85,120,205,0.0717,1185.11,7.3754,16.13,7.4471,58.34,66.37,94.75,0,0,0,0.0,0.0,1916.96,7344.0,3388.47,1282.94,0.00,0.00,0.0,0.0,success,
2026-08-29 08:17:59,EXP_126_Qwen2.5-3B_4bit_offload_25pct_short_short,Qwen2.5-3B,4bit,offload_25pct,layers 0-8,short_short,10,20,30,1.5811,6.32,18.6349,1.02,20.2161,953.18,1066.43,1536.93,1452137,1151136,2603273,0.123,127.11,1916.96,783.0,2188.32,82.8,0.0,0.0,0.0,0.0,success,
2026-08-29 08:18:20,EXP_127_Qwen2.5-3B_4bit_offload_25pct_short_med,Qwen2.5-3B,4bit,offload_25pct,layers 0-8,short_med,8,80,88,1.4963,5.35,75.4488,1.05,76.945,951.5,1009.57,1037.57,4603525,3535488,8139013,0.101,99.35,1916.96,2349.0,2421.15,315.63,0.0,0.0,0.0,0.0,success,
2026-08-29 08:19:38,EXP_128_Qwen2.5-3B_4bit_offload_25pct_med_med,Qwen2.5-3B,4bit,offload_25pct,layers 0-8,med_med,39,80,119,4.2541,9.17,74.2521,1.06,78.5062,932.75,988.01,1010.45,5891652,4678389,10570041,0.128,129.03,1916.96,3186.0,2560.29,454.77,0.0,0.0,0.0,0.0,success,
2026-08-29 08:20:58,EXP_129_Qwen2.5-3B_4bit_offload_25pct_long_short,Qwen2.5-3B,4bit,offload_25pct,layers 0-8,long_short,85,25,110,7.7109,11.02,23.1064,1.04,30.8173,946.93,1022.93,1261.85,4837606,4120893,8958499,0.277,349.94,1916.96,2943.0,2439.29,333.77,0.0,0.0,0.0,0.0,success,
2026-08-29 08:21:30,EXP_130_Qwen2.5-3B_4bit_offload_25pct_long_long,Qwen2.5-3B,4bit,offload_25pct,layers 0-8,long_long,85,120,205,8.4899,10.01,112.4856,1.06,120.9755,945.64,979.42,1036.97,9958966,8012853,17971819,0.142,146.26,1916.96,5508.0,3057.55,952.02,0.0,0.0,0.0,0.0,success,
2026-08-29 08:24:35,EXP_131_Qwen2.5-3B_4bit_offload_50pct_short_short,Qwen2.5-3B,4bit,offload_50pct,layers 0-17,short_short,10,20,30,3.9119,2.56,46.7769,0.41,50.6888,2455.31,2530.46,2531.57,3735571,3252136,6987707,0.131,341.2,1916.96,522.0,2159.85,54.33,0.0,0.0,0.0,0.0,success,
2026-08-29 08:25:27,EXP_132_Qwen2.5-3B_4bit_offload_50pct_short_med,Qwen2.5-3B,4bit,offload_50pct,layers 0-17,short_med,8,80,88,4.1936,1.91,199.2882,0.4,203.4818,2490.17,2656.26,3116.56,11700619,9919944,21620563,0.101,263.92,1916.96,1566.0,2312.21,206.68,0.0,0.0,0.0,0.0,success,
2026-08-29 08:28:52,EXP_133_Qwen2.5-3B_4bit_offload_50pct_med_med,Qwen2.5-3B,4bit,offload_50pct,layers 0-17,med_med,39,80,119,8.3585,4.67,197.3191,0.4,205.6776,2471.41,2613.79,3146.08,15165470,13221482,28386952,0.132,346.52,1916.96,2124.0,2403.24,297.72,0.0,0.0,0.0,0.0,success,
2026-08-29 08:32:19,EXP_134_Qwen2.5-3B_4bit_offload_50pct_long_short,Qwen2.5-3B,4bit,offload_50pct,layers 0-17,long_short,85,25,110,15.8199,5.37,60.4204,0.4,76.2403,2480.1,2676.18,2838.96,12800175,11812898,24613073,0.308,961.45,1916.96,1962.0,2324.2,218.68,0.0,0.0,0.0,0.0,success,
2026-08-29 08:33:36,EXP_135_Qwen2.5-3B_4bit_offload_50pct_long_long,Qwen2.5-3B,4bit,offload_50pct,layers 0-17,long_long,85,120,205,15.1921,5.6,298.768,0.4,313.9601,2486.61,2633.79,2729.92,25765680,22707498,48473178,0.147,394.48,1916.96,3672.0,2728.71,623.18,0.0,0.0,0.0,0.0,success,
2026-08-29 09:38:40,EXP_136_Qwen2.5-3B_4bit_offload_75pct_short_short,Qwen2.5-3B,4bit,offload_75pct,layers 0-26,short_short,10,20,30,7.472,1.34,61.8304,0.31,69.3024,3038.84,3961.84,5040.31,4356817,4640738,8997555,0.124,439.33,1916.96,261.0,2128.67,25.86,3287.09,810.0,0.0,0.0,success,
2026-08-29 09:43:05,EXP_137_Qwen2.5-3B_4bit_offload_75pct_short_med,Qwen2.5-3B,4bit,offload_75pct,layers 0-26,short_med,8,80,88,6.1613,1.3,258.1497,0.31,264.311,3122.42,3719.76,5236.8,13812373,14167674,27980047,0.101,341.55,1916.96,783.0,2200.54,97.74,3287.09,2376.0,0.0,0.0,success,
2026-08-29 09:47:23,EXP_138_Qwen2.5-3B_4bit_offload_75pct_med_med,Qwen2.5-3B,4bit,offload_75pct,layers 0-26,med_med,39,80,119,11.8647,3.29,244.5551,0.32,256.4199,3072.14,3196.57,3815.19,17676316,18866047,36542363,0.136,446.07,1916.96,1062.0,2243.47,140.67,3287.09,3213.0,0.0,0.0,success,
2026-08-29 09:48:59,EXP_139_Qwen2.5-3B_4bit_offload_75pct_long_short,Qwen2.5-3B,4bit,offload_75pct,layers 0-26,long_short,85,25,110,21.7947,3.9,74.0036,0.32,95.7983,3092.26,3194.9,3282.53,14513303,16826569,31339872,0.312,1224.21,1916.96,981.0,2206.22,103.42,3287.09,2970.0,0.0,0.0,success,
2026-08-29 09:56:02,EXP_140_Qwen2.5-3B_4bit_offload_75pct_long_long,Qwen2.5-3B,4bit,offload_75pct,layers 0-26,long_long,85,120,205,23.9604,3.55,397.59,0.3,421.5503,3067.74,4311.64,5669.65,29879268,32390799,62270067,0.141,506.76,1916.96,1836.0,2397.15,294.34,3287.09,5535.0,0.0,0.0,success,
2026-08-29 08:30:00,EXP_141_Qwen2.5-3B_4bit_offload_all_layers_short_short,Qwen2.5-3B,4bit,offload_all_layers,,short_short,10,20,30,8.3072,1.2,78.5,0.24,86.81,4132.0,4800.0,6083.0,5809111,5788140,11597251,0.127,566.27,1160.0,0.0,2050.0,0.0,3287.09,1080.0,0.0,0.0,skipped,Skipped by user directive (full 100% layer CPU offloading omitted)
2026-08-29 08:30:00,EXP_142_Qwen2.5-3B_4bit_offload_all_layers_short_med,Qwen2.5-3B,4bit,offload_all_layers,,short_med,8,80,88,6.4065,1.25,314.02,0.25,320.43,3975.0,4600.0,5882.0,18413158,17700000,36113158,0.108,440.35,1160.0,0.0,2050.0,0.0,3287.09,3168.0,0.0,0.0,skipped,Skipped by user directive (full 100% layer CPU offloading omitted)
2026-08-29 08:47:02,EXP_146_Qwen2.5-3B_4bit_hybrid_attn_10_short_short,Qwen2.5-3B,4bit,hybrid_attn_10,attn 10-19,short_short,0,0,0,0,0,0,0,0,0,0,0,0,0,0,0,0,0,0,0,0,0,0,0,0,failed,Worker error: Qwen2Attention.forward() missing 2 required positional arguments: 'position_embeddings' and 'attention_mask'
2026-08-29 08:47:39,EXP_147_Qwen2.5-3B_4bit_hybrid_attn_10_short_med,Qwen2.5-3B,4bit,hybrid_attn_10,attn 10-19,short_med,0,0,0,0,0,0,0,0,0,0,0,0,0,0,0,0,0,0,0,0,0,0,0,0,failed,Worker error: Qwen2Attention.forward() missing 2 required positional arguments: 'position_embeddings' and 'attention_mask'
2026-08-29 08:47:40,EXP_148_Qwen2.5-3B_4bit_hybrid_attn_10_med_med,Qwen2.5-3B,4bit,hybrid_attn_10,attn 10-19,med_med,0,0,0,0,0,0,0,0,0,0,0,0,0,0,0,0,0,0,0,0,0,0,0,0,failed,Worker error: Qwen2Attention.forward() missing 2 required positional arguments: 'position_embeddings' and 'attention_mask'
2026-08-29 08:47:41,EXP_149_Qwen2.5-3B_4bit_hybrid_attn_10_long_short,Qwen2.5-3B,4bit,hybrid_attn_10,attn 10-19,long_short,0,0,0,0,0,0,0,0,0,0,0,0,0,0,0,0,0,0,0,0,0,0,0,0,failed,Worker error: Qwen2Attention.forward() missing 2 required positional arguments: 'position_embeddings' and 'attention_mask'
2026-08-29 08:47:42,EXP_150_Qwen2.5-3B_4bit_hybrid_attn_10_long_long,Qwen2.5-3B,4bit,hybrid_attn_10,attn 10-19,long_long,0,0,0,0,0,0,0,0,0,0,0,0,0,0,0,0,0,0,0,0,0,0,0,0,failed,Worker error: Qwen2Attention.forward() missing 2 required positional arguments: 'position_embeddings' and 'attention_mask'
2026-08-29 10:43:59,EXP_151_Qwen2.5-3B_4bit_hybrid_ffn_10_short_short,Qwen2.5-3B,4bit,hybrid_ffn_10,,short_short,10,20,30,2.3437,4.27,23.734,0.8,26.0777,1253.52,1281.74,1308.72,1283040,1279040,2562080,0.094,125.1,1916.96,1044.0,2193.36,89.75,3287.09,0.0,0.0,0.0,success,
2026-08-29 10:45:43,EXP_152_Qwen2.5-3B_4bit_hybrid_ffn_10_short_med,Qwen2.5-3B,4bit,hybrid_ffn_10,,short_med,8,80,88,1.9108,4.19,101.1187,0.78,103.0295,1265.81,1309.0,1676.49,3944320,3928320,7872640,0.073,96.1,1916.96,3132.0,2463.56,359.94,3287.09,0.0,0.0,0.0,success,
2026-08-29 10:47:29,EXP_153_Qwen2.5-3B_4bit_hybrid_ffn_10_med_med,Qwen2.5-3B,4bit,hybrid_ffn_10,,med_med,39,80,119,5.2365,7.45,100.6017,0.79,105.8382,1265.24,1320.19,1494.22,5214210,5198210,10412420,0.094,127.1,1916.96,4248.0,2627.89,524.28,3287.09,0.0,0.0,0.0,success,
2026-08-29 10:48:09,EXP_154_Qwen2.5-3B_4bit_hybrid_ffn_10_long_short,Qwen2.5-3B,4bit,hybrid_ffn_10,,long_short,85,25,110,8.6919,9.78,30.0769,0.8,38.7688,1249.86,1292.42,1354.16,4583770,4578770,9162540,0.225,357.91,1916.96,3924.0,2471.42,367.8,3287.09,0.0,0.0,0.0,success,
2026-08-29 10:50:54,EXP_155_Qwen2.5-3B_4bit_hybrid_ffn_10_long_long,Qwen2.5-3B,4bit,hybrid_ffn_10,,long_long,85,120,205,8.8253,9.63,155.5291,0.77,164.3544,1289.9,1350.75,1800.01,8927170,8903170,17830340,0.103,145.1,1916.96,7344.0,3232.4,1128.78,3287.09,0.0,0.0,0.0,success,
,EXP_156_Qwen2.5-3B_4bit_pipelined_multi_stage_short_short,Qwen2.5-3B,4bit,pipelined_multi_stage,,short_short,0,0,0,0,0,0,0,0,0,0,0,0,0,0,0,0,0,0,0,0,0,0,0,0,pending,
,EXP_157_Qwen2.5-3B_4bit_pipelined_multi_stage_short_med,Qwen2.5-3B,4bit,pipelined_multi_stage,,short_med,0,0,0,0,0,0,0,0,0,0,0,0,0,0,0,0,0,0,0,0,0,0,0,0,pending,
,EXP_158_Qwen2.5-3B_4bit_pipelined_multi_stage_med_med,Qwen2.5-3B,4bit,pipelined_multi_stage,,med_med,0,0,0,0,0,0,0,0,0,0,0,0,0,0,0,0,0,0,0,0,0,0,0,0,pending,
,EXP_159_Qwen2.5-3B_4bit_pipelined_multi_stage_long_short,Qwen2.5-3B,4bit,pipelined_multi_stage,,long_short,0,0,0,0,0,0,0,0,0,0,0,0,0,0,0,0,0,0,0,0,0,0,0,0,pending,
,EXP_160_Qwen2.5-3B_4bit_pipelined_multi_stage_long_long,Qwen2.5-3B,4bit,pipelined_multi_stage,,long_long,0,0,0,0,0,0,0,0,0,0,0,0,0,0,0,0,0,0,0,0,0,0,0,0,pending,
